建站,移动建站,0.017341
建站,建站平台,0.017341
建站,自建站,0.011561
建站,个人建站,0.011561
建站,建站公司,0.017341
建站,长沙建站,0.011561
建站,建站程序,0.011561
建站,建站之星,0.017341
建站,专业建站,0.011561
建站,好建站,0.011561
建站,快速建站,0.017341
建站,建站教程,0.017341
建站,建站系统,0.017341
建站,建站宝,0.011561
建站,中小企业建站,0.011561
建站,免费网站建站,0.011561
建站,提供建站,0.011561
建站,建站企业,0.011561
建站,企业建站,0.023121
建站,自助建站,0.023121
建站,模板建站,0.011561
建站,高端建站,0.011561
建站,建站商城,0.011561
建站,网络建站,0.011561
建站,网建站,0.011561
建站,下页,0.011561
建站,如何建站,0.011561
建站,企业网站建站,0.011561
建站,长沙建站公司,0.011561
建站,建站网站,0.011561
建站,免费建站,0.011561
建站,简单免费自建app,0.011561
建站,自己建站,0.011561
建站,seo建站,0.011561
建站,广州建站,0.011561
建站,企业建站系统,0.011561
建站,建站工作室,0.011561
建站,建站经验,0.017341
建站,公司建站,0.011561
建站,本地建站,0.011561
建站,建站源码,0.011561
建站,云建站,0.011561
建站,怎样建站,0.011561
建站,东莞建站,0.011561
建站,网站免费建站,0.011561
建站,官网建站,0.011561
建站,建站abc,0.011561
建站,建站服务,0.011561
建站,建站网站系统,0.011561
建站,源码建站,0.011561
建站,外贸建站,0.011561
建站,建站技术,0.017341
建站,建站cms,0.011561
建站,建站流程,0.011561
建站,北京建站,0.017341
建站,网站建站,0.017341
建站,自助建站系统,0.011561
建站,便宜建站,0.011561
建站,建站工具,0.017341
建站,建站模板,0.017341
建站,360免费建站,0.017341
建站,智能建站系统,0.011561
建站,建站宝盒,0.011561
建站,建站吧,0.011561
建站,上海建站,0.011561
建站,免费建站网站,0.011561
建站,专业建站公司,0.011561
建站,智能建站,0.017341
建站,建站软件,0.023121
建站,怎么建站,0.011561
建站,建站推广,0.011561
建站,建站技巧,0.011561
建站,手机建站,0.017341
建站,建站网,0.017341
建站,北京建站公司,0.011561
智能建站,智能建站软件下载,0.017544
智能建站,网站智能建站,0.017544
智能建站,中国智能建站,0.017544
智能建站,网站建站,0.017544
智能建站,自助建站网,0.017544
智能建站,智能建站吧,0.017544
智能建站,智能建站模板,0.017544
智能建站,智能建站平台源码,0.017544
智能建站,九天智能建站,0.026316
智能建站,智能建站系统下载,0.017544
智能建站,网博士智能建站,0.017544
智能建站,智能模板建站,0.017544
智能建站,百度智能建站,0.017544
智能建站,智能建站开发,0.017544
智能建站,智能建站后台,0.017544
智能建站,免费智能建站平台,0.017544
智能建站,智能建站加盟,0.017544
智能建站,智能建站专家,0.017544
智能建站,智能建站系统开发,0.017544
智能建站,手机网站自助建站,0.017544
智能建站,智能建站网,0.017544
智能建站,cms智能建站系统,0.017544
智能建站,又快又好智能建站,0.017544
智能建站,智能建站平台,0.026316
智能建站,智能化建站,0.017544
智能建站,自助建站,0.017544
智能建站,智能建站代理,0.017544
智能建站,智能自助建站,0.026316
智能建站,智能建站系统,0.035088
智能建站,智能建站系统排行,0.017544
智能建站,快速智能建站,0.017544
智能建站,智能建站源码,0.017544
智能建站,免费智能建站软件,0.017544
智能建站,快速建站,0.017544
智能建站,cms智能建站,0.017544
智能建站,智能建站公司,0.017544
智能建站,广州智能建站,0.026316
智能建站,多用户智能建站系统,0.017544
智能建站,建站工具,0.017544
智能建站,免费智能建站,0.017544
智能建站,智能建站系统哪个好,0.017544
智能建站,云建站,0.026316
智能建站,智能建站工具,0.017544
智能建站,企业建站,0.017544
智能建站,免费智能建站系统,0.017544
智能建站,智能云建站,0.017544
智能建站,智能建站程序,0.017544
智能建站,智能建站哪个好,0.017544
智能建站,企业智能建站,0.026316
智能建站,海外智能建站,0.017544
智能建站,智能建站软件,0.017544
智能建站,免费建站,0.017544
智能建站,上海智能建站,0.017544
北京建站公司,北京建站公司哪家好,0.021277
北京建站公司,北京网络建站公司,0.021277
北京建站公司,北京公司建站,0.021277
北京建站公司,北京企业,0.021277
北京建站公司,北京建站网,0.021277
北京建站公司,网站开发,0.021277
北京建站公司,北京网站建设,0.021277
北京建站公司,北京网站优化,0.021277
北京建站公司,网站制作公司北京,0.021277
北京建站公司,建站公司北京,0.021277
北京建站公司,网站建设公司,0.021277
北京建站公司,北京专业建站公司,0.021277
北京建站公司,如何接北京网站制作,0.021277
北京建站公司,手机网站制作,0.021277
北京建站公司,北京做网站的公司排行,0.021277
北京建站公司,网页设计公司,0.021277
北京建站公司,北京做网站的公司,0.021277
北京建站公司,北京建站公司做一个网站多少钱,0.021277
北京建站公司,北京高端网站建设,0.021277
北京建站公司,公司网站,0.021277
北京建站公司,北京建站公司三互科技,0.021277
北京建站公司,建站公司,0.021277
北京建站公司,北京网站建设公司,0.021277
北京建站公司,北京网页设计制作公司,0.021277
北京建站公司,北京建站公司(环宇联拓)怎么样,0.021277
北京建站公司,北京建站公司bjkeywordseo,0.021277
北京建站公司,北京网络公司,0.021277
北京建站公司,北京网站设计,0.021277
北京建站公司,北京建站的公司,0.021277
北京建站公司,北京企业建站公司,0.021277
北京建站公司,北京高端建站公司,0.021277
北京建站公司,北京的建站公司,0.021277
北京建站公司,北京网站制作公司,0.021277
北京建站公司,网站开发公司,0.021277
北京建站公司,北京市建站公司,0.021277
北京建站公司,北京网站建设开发,0.021277
北京建站公司,北京快速建站公司,0.021277
北京建站公司,北京知名建站公司,0.021277
北京建站公司,北京网站建站公司,0.021277
北京建站公司,北京网站开发,0.021277
北京建站公司,北京的外包建站公司,0.021277
北京建站公司,北京好的建站公司,0.021277
北京建站公司,北京建站公司老百姓做好工作,0.021277
北京建站公司,北京建网站公司,0.021277
北京建站公司,北京都有哪些网站设计公司,0.021277
北京建站公司,北京建站公司排名,0.021277
北京建站公司,北京做网站,0.021277
建站服务,淘宝建站服务,0.027027
建站服务,云服务器怎么建站,0.027027
建站服务,搜狐快站建站教程,0.027027
建站服务,公司建站服务,0.027027
建站服务,网站建站服务,0.027027
建站服务,模板建站,0.027027
建站服务,网络建站服务,0.027027
建站服务,自助建站,0.040541
建站服务,万网标准建站服务,0.027027
建站服务,建站云服务器,0.027027
建站服务,专业建站,0.027027
建站服务,云建站平台,0.027027
建站服务,建站方式,0.027027
建站服务,建站服务器教程,0.027027
建站服务,免费建站服务,0.027027
建站服务,傻瓜式建站系统,0.027027
建站服务,深圳建站服务,0.027027
建站服务,云服务器建站,0.027027
建站服务,建站服务器多少钱,0.027027
建站服务,企业建站服务,0.040541
建站服务,凡科建站,0.027027
建站服务,建站公司,0.027027
建站服务,建站服务商,0.040541
建站服务,建站平台,0.027027
建站服务,智能建站服务,0.027027
建站服务,免费建站免费二级,0.027027
建站服务,免费建站网站一级,0.027027
建站服务,服务器一键建站工具,0.027027
建站服务,提供建站,0.027027
建站服务,建站系统,0.027027
建站服务,快速建站,0.027027
建站服务,云建站,0.040541
建站服务,专业建站服务,0.027027
建站服务,自助建站服务,0.027027
建站服务,一站式建站服务,0.027027
建站工作室,建网站工作室,0.047619
建站工作室,建站工作室源码,0.071429
建站工作室,成都建站工作室,0.047619
建站工作室,萝卜建站工作室,0.095238
建站工作室,广州建站工作室,0.047619
建站工作室,上海建站工作室,0.047619
建站工作室,长沙建站工作室,0.047619
建站工作室,网络建站工作室,0.095238
建站工作室,专业建站,0.047619
建站工作室,免费建站,0.047619
建站工作室,深圳建站工作室,0.047619
建站工作室,工作室网站,0.047619
建站工作室,建站方式,0.047619
建站工作室,网站建设工作室,0.047619
建站工作室,北京建站工作室,0.047619
建站工作室,建站公司,0.047619
建站工作室,工作室建站,0.071429
建站工作室,专业建站工作室,0.047619
网络建站,东莞网络建站,0.014085
网络建站,网络商城建站,0.014085
网络建站,外贸建站,0.014085
网络建站,佛山网络建站,0.014085
网络建站,网络建站方案,0.014085
网络建站,卓天网络建站,0.014085
网络建站,网络建站费用,0.014085
网络建站,网络建站平台,0.014085
网络建站,网络建站公司哪家好,0.014085
网络建站,深圳网络建站,0.014085
网络建站,吉林网络建站,0.014085
网络建站,青岛网络建站,0.014085
网络建站,网站建站,0.014085
网络建站,哈尔滨网络建站,0.014085
网络建站,网络公司建站,0.014085
网络建站,亮剑网络建站,0.014085
网络建站,上海网络建站,0.014085
网络建站,南通网络建站,0.014085
网络建站,长春网络建站,0.021127
网络建站,徐州网络建站,0.014085
网络建站,360免费建站永久免费,0.014085
网络建站,建站网络公司,0.014085
网络建站,宁波网络建站,0.014085
网络建站,免费建站,0.014085
网络建站,深圳网络建站公司,0.014085
网络建站,网络公司,0.014085
网络建站,建站公司,0.021127
网络建站,网络建站流程,0.021127
网络建站,北京网络建站公司,0.014085
网络建站,建站推广,0.014085
网络建站,网络建站公司,0.028169
网络建站,广东网络建站,0.014085
网络建站,苏州网络建站,0.014085
网络建站,贵阳网络建站,0.014085
网络建站,长沙网络建站,0.014085
网络建站,北京网络建站,0.014085
网络建站,建站服务,0.014085
网络建站,网络建站教程,0.014085
网络建站,杭州网络建站,0.014085
网络建站,自助建站系统,0.014085
网络建站,网络建站合同,0.014085
网络建站,免费网络建站,0.014085
网络建站,天津网络建站,0.014085
网络建站,云梦网络建站,0.014085
网络建站,常州网络建站,0.014085
网络建站,西安网络建站,0.014085
网络建站,网络建站吧,0.014085
网络建站,网络推广建站,0.014085
网络建站,成都网络建站,0.014085
网络建站,云建站,0.014085
网络建站,网络建站服务,0.014085
网络建站,武汉网络建站,0.014085
网络建站,郑州网络建站,0.014085
网络建站,网络免费建站,0.021127
网络建站,网络建站报价,0.014085
网络建站,如何建站,0.014085
网络建站,昆山网络建站,0.014085
网络建站,南宁网络建站,0.014085
网络建站,广州网络建站,0.014085
网络建站,广州网络建站公司,0.014085
网络建站,建站网络,0.014085
网络建站,沈阳网络建站,0.014085
网络建站,网络营销建站,0.014085
网络建站,智能建站,0.014085
网络建站,建站方式,0.014085
网络建站,网络建站系统,0.014085
网络建站,互联网建站,0.014085
网络建站,南京网络建站,0.014085
建站网站系统,自动建站系统源码,0.033333
建站网站系统,快速建站,0.033333
建站网站系统,建站系统,0.050000
建站网站系统,360免费建站系统,0.033333
建站网站系统,网站优化,0.033333
建站网站系统,傻瓜式建站系统,0.033333
建站网站系统,微建站系统,0.033333
建站网站系统,自助建站,0.033333
建站网站系统,自助建站平台,0.033333
建站网站系统,网上商城建站系统,0.033333
建站网站系统,门户网站,0.033333
建站网站系统,免费建站系统,0.033333
建站网站系统,模板建站系统,0.050000
建站网站系统,360免费建站,0.033333
建站网站系统,网站cms系统,0.033333
建站网站系统,建站平台,0.033333
建站网站系统,免费建站免费二级,0.033333
建站网站系统,网站开发,0.033333
建站网站系统,开源企业建站系统,0.033333
建站网站系统,114黄页,0.033333
建站网站系统,企业建站网站建站系统,0.033333
建站网站系统,爱站网,0.033333
建站网站系统,智能建站系统,0.033333
建站网站系统,网站制作,0.033333
建站网站系统,网站建站系统,0.033333
建站网站系统,自助建站系统,0.033333
建站网站系统,云建站系统,0.033333
建站网站系统,全自动建站系统,0.033333
建站网站系统,企业建站系统,0.033333
建站源码,wap建站源码,0.021429
建站源码,建站系统源码,0.014286
建站源码,企业网站源码,0.014286
建站源码,建站工作室源码,0.014286
建站源码,快速建站源码,0.028571
建站源码,个人建站源码,0.014286
建站源码,免费建站系统源码,0.014286
建站源码,有网站源码怎么建站,0.014286
建站源码,免费建站,0.014286
建站源码,php源码建站教程,0.014286
建站源码,java建站源码,0.014286
建站源码,asp建站源码,0.021429
建站源码,快速建站,0.014286
建站源码,模板建站系统源码,0.014286
建站源码,如何用源码建站,0.014286
建站源码,手机建站源码,0.014286
建站源码,一键建站源码,0.014286
建站源码,如何源码建站,0.014286
建站源码,企业建站源码,0.014286
建站源码,php建站源码,0.014286
建站源码,多用户建站系统源码,0.014286
建站源码,三合一建站源码,0.014286
建站源码,免费源码大全,0.014286
建站源码,自动建站源码,0.021429
建站源码,自动建站系统源码,0.014286
建站源码,利用源码建站,0.014286
建站源码,php企业建站源码,0.014286
建站源码,智能建站源码,0.014286
建站源码,网站源码建站,0.014286
建站源码,有源码怎么建站,0.014286
建站源码,自助建站系统源码,0.014286
建站源码,怎么用源码建站,0.014286
建站源码,建站源码铺,0.021429
建站源码,网络建站源码,0.014286
建站源码,自助建站平台源码,0.014286
建站源码,拖拽建站源码,0.014286
建站源码,PHP源码,0.014286
建站源码,免费建站源码,0.014286
建站源码,cms建站源码,0.014286
建站源码,源码建站,0.021429
建站源码,建站超市源码,0.014286
建站源码,源码网,0.014286
建站源码,商城建站源码,0.014286
建站源码,企业建站免费源码,0.014286
建站源码,建站平台源码,0.014286
建站源码,php源码建站,0.014286
建站源码,建站公司网站源码,0.021429
建站源码,三合一建站系统源码,0.014286
建站源码,建站网站源码,0.021429
建站源码,建站源码下载,0.014286
建站源码,源码论坛,0.014286
建站源码,多用户自助建站源码,0.014286
建站源码,建站公司源码,0.014286
建站源码,模板建站源码,0.014286
建站源码,建站平台,0.014286
建站源码,jsp建站源码,0.014286
建站源码,php 建站源码,0.014286
建站源码,多用户建站源码,0.021429
建站源码,手机建站系统源码,0.014286
建站源码,源代码建站,0.014286
建站源码,php自助建站源码,0.014286
建站源码,在线建站系统源码,0.014286
建站源码,自助建站源码,0.014286
建站源码,企业建站系统源码,0.014286
建站源码,源码建站教程,0.014286
移动建站,移动网站建站,0.040404
移动建站,移动手机建站,0.020202
移动建站,免费移动建站平台,0.020202
移动建站,杭州移动建站,0.020202
移动建站,百度移动站建站工具,0.020202
移动建站,移动建站方式,0.020202
移动建站,移动建站系统,0.030303
移动建站,微信移动建站,0.020202
移动建站,cnzz移动建站,0.030303
移动建站,移动建站公司,0.030303
移动建站,移动建站平台有哪些,0.020202
移动建站,建站移动端,0.020202
移动建站,什么是移动建站,0.030303
移动建站,移动建站优化,0.020202
移动建站,免费建站,0.020202
移动建站,移动建站工具,0.060606
移动建站,移动网站建站系统,0.020202
移动建站,移动建站哪家好,0.020202
移动建站,移动端网站建设,0.020202
移动建站,手机免费建站,0.020202
移动建站,移动建站平台,0.030303
移动建站,专业移动建站平台,0.020202
移动建站,移动互联网建站,0.030303
移动建站,手机建站,0.030303
移动建站,云建站,0.020202
移动建站,移动云建站,0.040404
移动建站,移动建站价格,0.030303
移动建站,360移动建站,0.030303
移动建站,免费移动建站,0.020202
移动建站,搜狐移动建站,0.030303
移动建站,移动站建站,0.020202
移动建站,移动端建站,0.030303
移动建站,搜狐快站收费吗,0.020202
移动建站,移动建站教程,0.020202
移动建站,pc移动建站,0.020202
移动建站,移动端快速建站,0.020202
移动建站,百度移动建站,0.020202
移动建站,织梦移动建站,0.020202
移动建站,建站套餐,0.020202
移动建站,广州移动建站,0.020202
